title,year,genre,imdb
Cleopatra,1912,"Drama, History",5.2
"From the Manger to the Cross; or, Jesus of Nazareth",1912,"Biography, Drama",5.7
Richard III,1912,Drama,5.5
"Home, Sweet Home",1914,Drama,5.8
Traffic in Souls,1913,"Crime, Drama",6
The Avenging Conscience: or 'Thou Shalt Not Kill',1914,"Crime, Drama, Horror",6.4
The Bargain,1914,Western,6.5
Cinderella,1914,"Fantasy, Drama",6
A Florida Enchantment,1914,Comedy,5.8
"His Majesty, the Scarecrow of Oz",1914,"Family, Fantasy, Adventure",5.2
Hypocrites,1915,Drama,6.6
In the Land of the Head Hunters,1914,"Drama, History",5.8
Judith of Bethulia,1914,Drama,6.1
The Patchwork Girl of Oz,1914,"Adventure, Family, Fantasy",5.5
The Perils of Pauline,1914,"Action, Adventure, Drama",6.3
The Squaw Man,1914,"Action, Drama, Romance",5.7
Tess of the Storm Country,1914,Drama,6.1
The Virginian,1914,Western,5.6
The Wishing Ring: An Idyll of Old England,1914,"Comedy, Drama",6.4
